{
  "total_game_seconds": 722.654857635498,
  "real_timestamp": 1764175602.6015286,
  "last_date_string": "1 de Abertura dos Port\u00f5es, Ano 1000 (00:12)"
}