{
  "total_game_seconds": 4921876.636633873,
  "real_timestamp": 1764339640.7031503,
  "last_date_string": "1 de Sementeira, Ano 1000 (23:11)"
}